Key,Value
AccountIdentity.AgeCheck.Label.AgeBandOver13,13+
AccountIdentity.AgeCheck.Label.AgeBandOver18,18+
AccountIdentity.AgeCheck.Label.AgeBandUnder13,Младше 13
Authentication.Login.WeChat.AntiAddictionText,"Не участвуй в плохих и пиратских проектах. Будь начеку, чтобы избежать обмана. Не проводи слишком много времени в сети, это может навредить здоровью. Разумно распределяй своё время и наслаждайся правильным образом жизни."
Authentication.Passkey.Action.TryAgainLaterAcknowledgement,Не сейчас
Authentication.Passkey.Action.TryAgainNowAcknowledgement,Попробовать
AvatarGeneration.SelfieConsent.CancelButton,Отмена
AvatarGeneration.SelfieConsent.Title,Использовать изображение для создания моего аватара.
Common.Presence.Label.InExperience,В плейсе
Common.Presence.Label.Online,В сети
Common.Presence.Label.RobloxStudio,Roblox Studio
Common.VerifiedParentalConsent.Action.Cancel,
Common.VerifiedParentalConsent.Action.Close,Закрыть
Common.VerifiedParentalConsent.Action.GoToSettings,Перейти в Настройки
Common.VerifiedParentalConsent.Description.SpendingRestrictionWithSettings,"В связи с региональными ограничениями требуется разрешение родителя для совершения покупки. Попроси разрешение у родителе, перейдя в Настройки > Расходы."
Common.VerifiedParentalConsent.Description.SpendingRestrictionWithoutSettings,"В связи с региональными ограничениями требуется разрешение родителя для совершения покупки. Используй веб-версию или устройство-компаньон, чтобы попросить разрешение у родителя, перейдя в Настройки > Расходы."
Common.VerifiedParentalConsent.Label.AskParent,Спроси родителей
CommonUI.Controls.Action.Apply,Применить
CommonUI.Controls.Action.Cancel,
CommonUI.Controls.Action.Confirm,Подтверждаю
CommonUI.Controls.Action.Next,Далее
CommonUI.Controls.Action.Refresh,Обновить
CommonUI.Controls.Action.Search,Поиск
CommonUI.Controls.Action.Yes,Да
CommonUI.Controls.Input.Optional,{inputLabel} (необязательно)
CommonUI.Controls.Label.April,апр
CommonUI.Controls.Label.AprilAbbreviated,
CommonUI.Controls.Label.August,авг
CommonUI.Controls.Label.AugustAbbreviated,
CommonUI.Controls.Label.December,дек
CommonUI.Controls.Label.DecemberAbbreviated,
CommonUI.Controls.Label.February,фев
CommonUI.Controls.Label.FebruaryAbbreviated,
CommonUI.Controls.Label.Friday,Пятница
CommonUI.Controls.Label.FridayAbbreviated,Пт
CommonUI.Controls.Label.InvalidDateFormat,Неверный формат даты
CommonUI.Controls.Label.January,янв
CommonUI.Controls.Label.JanuaryAbbreviated,
CommonUI.Controls.Label.July,июл
CommonUI.Controls.Label.June,июн
CommonUI.Controls.Label.March,мар
CommonUI.Controls.Label.MarchAbbreviated,
CommonUI.Controls.Label.May,май
CommonUI.Controls.Label.Monday,Понедельник
CommonUI.Controls.Label.MondayAbbreviated,Пн
CommonUI.Controls.Label.November,ноя
CommonUI.Controls.Label.NovemberAbbreviated,
CommonUI.Controls.Label.October,окт
CommonUI.Controls.Label.OctoberAbbreviated,
CommonUI.Controls.Label.Saturday,Суббота
CommonUI.Controls.Label.SaturdayAbbreviated,Суб
CommonUI.Controls.Label.SelectDate,Выбрать дату
CommonUI.Controls.Label.September,сент
CommonUI.Controls.Label.SeptemberAbbreviated,
CommonUI.Controls.Label.Sunday,Воскресенье
CommonUI.Controls.Label.SundayAbbreviated,Вскр
CommonUI.Controls.Label.Thursday,Четверг
CommonUI.Controls.Label.ThursdayAbbreviated,Чт
CommonUI.Controls.Label.Tuesday,Вторник
CommonUI.Controls.Label.TuesdayAbbreviated,Вт
CommonUI.Controls.Label.Wednesday,Среда
CommonUI.Controls.Label.WednesdayAbbreviated,Ср
CommonUI.Controls.NoResultsFound,Ничего не найдено
CommonUI.Features.Label.AddConnection,Добавить контакт
CommonUI.Features.Label.AppInformation,Информация о приложении
CommonUI.Features.Label.Connection,Контакт
CommonUI.Features.Label.InviteConnections,Пригласить контакт
CommonUI.Features.Label.Learn,Обучение
CommonUI.Features.Label.RemoveConnection,Удалить контакт
CommonUI.Messages.Response.SomethingWentWrong,Что-то пошло не так
CoreScripts.BulkPurchasePrompt.CompletedPrompt.SuccessHeading,Покупка выполнена
CoreScripts.Feedback.FeedbackBar.ExitFeedbackButton,Выход
CoreScripts.InGameMenu.Cancel,
CoreScripts.InGameMenu.Controls.RobloxMenu,Меню Roblox
CoreScripts.InGameMenu.GameSettings.PartyVoiceVolume,Громкость голоса в команде
CoreScripts.InGameMenu.GameSettings.UINavToggle,Переключатель навигации по интерфейсу
CoreScripts.InGameMenu.GameSettings.Volume,Громкость
CoreScripts.InGameMenu.Leave,Выйти
CoreScripts.InGameMenu.PageTitle.InviteFriends,Пригласить друзей
CoreScripts.PremiumModal.Title.Error,Ошибка
CoreScripts.PublishAssetPrompt.ResultModalOk,OK
CoreScripts.PublishAvatarPrompt.PurchaseCompleteDescription,Ты сможешь найти предмет в инвентаре.
CoreScripts.PurchasePrompt.Button.OK,
CoreScripts.PurchasePrompt.Button.Settings,Настройки
CoreScripts.PurchasePrompt.CancelPurchase.Cancel,
CoreScripts.PurchasePrompt.ItemType.Bundle,Комплект
CoreScripts.PurchasePrompt.ProductType.Product,Продукт
CoreScripts.PurchasePrompt.PurchaseDetails.ScaryModalOne,"Эта покупка предполагает оплату реальными деньгами.

Я подтверждаю, что мне исполнилось 18 лет и я являюсь родителем или опекуном владельца аккаунта. Я подтверждаю эту покупку и принимаю Условия использования."
CoreScripts.PurchasePrompt.PurchaseDetails.ScaryModalParental,В этом месяце вы потратили в Roblox много денег. Квитанции этой и всех последующих покупок будут отправлены на подтверждённый адрес эл. почты родителя или опекуна. 
CoreScripts.PurchasePrompt.PurchaseDetails.ScaryModalTwo,"В этом месяце вы потратили в Roblox много денег. Продолжить? Эта покупка предполагает оплату реальными деньгами. Чтобы подтвердить эту покупку, вы должны быть родителем или опекуном владельца аккаунта."
CoreScripts.PurchasePrompt.PurchaseFailed.AlreadyOwn,У тебя уже есть этот предмет. Средства с твоего аккаунта не были списаны.
CoreScripts.PurchasePrompt.PurchaseFailed.Enable2SV,"Необходима двухшаговая проверка для совершения дальнейших транзакций. Перейди в Настройки > Безопасность, чтобы завершить двухшаговую проверку."
CoreScripts.PurchasePrompt.PurchaseFailed.Enable2SVLogout,"Для совершения дальнейших транзакций необходима двухшаговая проверка. Перейди в Настройки > Безопасность, чтобы завершить двухшаговую проверку. При включении двухшаговой проверки будет выполнен выход из текущей сессии."
CoreScripts.PurchasePrompt.PurchaseFailed.NotEnoughRobux,"Цена товара превышает количество Robux, которое ты можешь купить. Перейди на страницу www.roblox.com, чтобы приобрести больше Robux."
CoreScripts.PurchasePrompt.PurchaseFailed.NotForSale,Этот предмет в настоящее время не продаётся. Средства с твоего аккаунта не были списаны.
CoreScripts.PurchasePrompt.PurchaseFailed.PurchaseDisabled,"Покупка не удалась, потому что встроенные покупки временно недоступны. Средства с твоего аккаунта не были списаны. Повтори попытку позже."
CoreScripts.PurchasePrompt.PurchaseFailed.Under13,Владелец аккаунта младше 13 лет. Ты не можешь купить этот предмет. Средства с твоего аккаунта не были списаны.
CoreScripts.PurchasePrompt.PurchaseFailed.UnknownFailureNoItemName,"Покупка не удалась, так как что-то пошло не так. Средства с твоего аккаунта не были списаны. Повтори попытку позже."
CoreScripts.PurchasePrompt.Title.BuyItem,Купить предмет
CoreScripts.PurchasePrompt.Title.VerificationRequired,Требуется подтверждение
CoreScripts.TextChat.ChatTranslation.ChatWindow.SystemMessageNew,Roblox автоматически переводит поддерживаемые языки в чате
CoreScripts.TextChat.ChatTranslation.FTUX.TitleNew,Перевод чата включён для поддерживаемых языков
CoreScripts.TextChat.Clear.Help.Description,/clear или /cls: очистить сообщения в окне чата 
CoreScripts.TextChat.Emote.Error.DoesNotExist,Эмоция не существует.
CoreScripts.TextChat.Emote.Error.NotEnabled,Невозможно использовать эту эмоцию здесь.
CoreScripts.TextChat.Emote.Error.NotEquipped,Эта эмоция не установлена.
CoreScripts.TextChat.Emote.Error.NotOwnedGeneric,Эта эмоция отсутствует.
CoreScripts.TextChat.Help.FirstLine,Это основные команды чата:
CoreScripts.TextChat.InputBar.Hint.Gamepad,Для общения используй кнопку «{CHAT_BUTTON}» в меню.
CoreScripts.TextChat.InputBar.Hint.GamepadConnected,"Нажми «{CONFIRM_KEY}», чтобы печатать"
CoreScripts.TextChat.InputBar.Hint.GamepadConnectedConfirm,Подтвердить
CoreScripts.TextChat.InputBar.Hint.MouseKeyboard,"Чтобы отправить сообщение в чате, нажми здесь или на клавишу {KEY}"
CoreScripts.TextChat.InputBar.Hint.PrivacySettingsDisabled,В настройках чата заблокирована возможность отправлять и получать сообщения.
CoreScripts.TextChat.InputBar.Hint.Touch,"Нажми, чтобы написать"
CoreScripts.TextChat.MessageStatus.Warning.Floodchecked,"Необходимо подождать, прежде чем отправлять новое сообщение."
CoreScripts.TextChat.MessageStatus.Warning.InvalidPrivacySettings,
CoreScripts.TextChat.MessageStatus.Warning.MessageTooLong,Превышено максимально допустимое количество символов в сообщении.
CoreScripts.TextChat.MessageStatus.Warning.ModerationTimeout,Ты не можешь отправлять сообщения в чат. Никто не будет видеть твои сообщения.
CoreScripts.TextChat.MessageStatus.Warning.TextFilterFailed,Могут возникать задержки в отображении сообщений из-за проблем с фильтром чата.
CoreScripts.TextChat.MessageStatus.Warning.Unknown,Не удалось отправить сообщение.
CoreScripts.TextChat.Mute.Error.CannotMuteSelf,Невозможно отключить звук.
CoreScripts.TextChat.Mute.Error.MultipleMatches,Следующие пользователи имеют это отображаемое имя: {RBX_LIST_NAMES}
CoreScripts.TextChat.Mute.Error.TargetDoesNotExist,Пользователь {RBX_NAME} не существует.
CoreScripts.TextChat.Mute.Success,Звук пользователя {RBX_NAME} отключён.
CoreScripts.TextChat.Notification.WhisperChat.Created,Ты в канале для личного общения с пользователем {RBX_NAME}.
CoreScripts.TextChat.TeamChat.Error.NotOnTeam,"Ты не можешь общаться в командном чате, если не состоишь в команде."
CoreScripts.TextChat.TeamChat.PrefixText,[Команда]
CoreScripts.TextChat.Unmute.Success,Звук пользователя {RBX_NAME} включён.
CoreScripts.TextChat.Version.Success,{RBX_VERSION}
CoreScripts.TextChat.Whisper.Error.CannotChat,Ты не можешь общаться с этим пользователем.
CoreScripts.TextChat.WhisperChat.PrefixText.Incoming,[От: {RBX_NAME}]
CoreScripts.TextChat.WhisperChat.PrefixText.Outgoing,[Для: {RBX_NAME}]
CoreScripts.TopBar.Back,Назад
CoreScripts.TopBar.Chat,Чат
CoreScripts.TopBar.Music,Музыка
CoreScripts.TopBar.MusicLoading,Аудио не воспроизводится
CoreScripts.TopBar.MusicNotVerified,Воспроизведимое аудио не проверено
Feature.Accessibility.Action.ScrollDown,Прокрутить вниз
Feature.Accessibility.Action.ScrollUp,Прокрутить вверх
Feature.Accessibility.Description.Haptics,Контролируй общую вибрацию приложения Roblox
Feature.Accessibility.Description.PreferredTextSize,Отрегулируй размер текста в Roblox в соответствии с предпочтениями
Feature.Accessibility.Description.PreferredTransparency,"Улучшить контраст, изменив прозрачность на некоторых фонах"
Feature.Accessibility.Description.ReducedMotion,Остановить или уменьшить эффекты движения
Feature.Accessibility.Description.UiNavigationKeyBind,Используй клавишу {uiNavigationKey} для входа и выхода из режима навигации
Feature.Accessibility.Header.Haptics,Вибрация
Feature.Accessibility.Heading.PreferredTextSize,Размер текста
Feature.Accessibility.Heading.PreferredTransparency,Прозрачность фона
Feature.Accessibility.Heading.ReducedMotion,Уменьшить движение
Feature.Accessibility.Heading.UiNavigationKeyBind,
Feature.Accessibility.PreferredTextSize.Default,По умолчанию
Feature.Accessibility.PreferredTextSize.Largest,Самый большой
Feature.Accessibility.PreferredTransparency.Opaque,Непрозрачный
Feature.Accessibility.PreferredTransparency.Transparent,Прозрачный
Feature.AccountSettings.Heading.Communication,Связь
Feature.AccountSettings.Label.Discord,Discord
Feature.AddFriends.Action.FriendAdded,Друг добавлен
Feature.AddFriends.Action.RequestIgnored,Запрос заблокирован
Feature.Avatar.Heading.BodyParts,Части тела
Feature.Avatar.Heading.Clothing,Одежда
Feature.Avatar.Label.Accessory,Аксессуар
Feature.Avatar.Label.Back,Спина
Feature.Avatar.Label.ClassicPants,Классические брюки
Feature.Avatar.Label.ClassicShirts,Классические рубашки
Feature.Avatar.Label.ClassicTShirts,Классические футболки
Feature.Avatar.Label.Climb,Лазание
Feature.Avatar.Label.DressesAndSkirts,Платья и юбки
Feature.Avatar.Label.DynamicHead,Динамическая голова
Feature.Avatar.Label.Emote,Эмоция
Feature.Avatar.Label.Face,Лицо
Feature.Avatar.Label.Fall,Падение
Feature.Avatar.Label.Front,Передняя часть
Feature.Avatar.Label.Gear,Снаряжение
Feature.Avatar.Label.Hair,Причёска
Feature.Avatar.Label.Hat,Головной убор
Feature.Avatar.Label.Head,Голова
Feature.Avatar.Label.Idle,Бездействие
Feature.Avatar.Label.Jacket,Куртка
Feature.Avatar.Label.Jump,Прыжок
Feature.Avatar.Label.LeftArm,Левая рука
Feature.Avatar.Label.LeftArms,Левые руки
Feature.Avatar.Label.LeftInitial,L
Feature.Avatar.Label.LeftLeg,Левая нога
Feature.Avatar.Label.LeftLegs,Левые ноги
Feature.Avatar.Label.LeftShoe,Левый ботинок
Feature.Avatar.Label.Mood,Настроение
Feature.Avatar.Label.Neck,Шея
Feature.Avatar.Label.Pants,Брюки
Feature.Avatar.Label.Right,R
Feature.Avatar.Label.RightArm,Правая рука
Feature.Avatar.Label.RightArms,Правые руки
Feature.Avatar.Label.RightInitial,
Feature.Avatar.Label.RightLeg,Правая нога
Feature.Avatar.Label.RightLegs,Правые ноги
Feature.Avatar.Label.RightShoe,Правый ботинок
Feature.Avatar.Label.Run,Бег
Feature.Avatar.Label.Shirt,Рубашка
Feature.Avatar.Label.Shorts,Шорты
Feature.Avatar.Label.Shoulder,Плечо
Feature.Avatar.Label.Sweater,Свитер
Feature.Avatar.Label.Swim,Плавание
Feature.Avatar.Label.TShirt,Футболка
Feature.Avatar.Label.Torso,Торс
Feature.Avatar.Label.Waist,Талия
Feature.Avatar.Label.Walk,Ходьба
Feature.Avatar.Message.FTUXSelfieViewClosedTooltip,Ты можешь найти свою камеру и элементы управления просмотром здесь
Feature.Avatar.Message.FTUXSelfieViewOpenedTooltip,"Используй свою камеру, чтобы твой аватар улыбался и двигался так же, как ты"
Feature.BlockingModal.Action.Block,Заблокировать
Feature.BlockingModal.Action.BlockAndReport,Заблокировать и пожаловаться
Feature.BlockingModal.Action.Cancel,
Feature.BlockingModal.Heading.BlockUser,Заблокировать: {DisplayName}?
Feature.Call.Error.Description.Generic,Что-то пошло не так. Повтори попытку позже.
Feature.Catalog.Label.Animation,Анимация
Feature.Catalog.Label.Attribution,Сделано в
Feature.Catalog.Label.Body,Тело
Feature.Catalog.Label.Bundle,
Feature.Catalog.Label.CategoryType,Тип
Feature.Catalog.Label.Emotes,Эмоции
Feature.Catalog.Label.Eyebrow,Бровь
Feature.Catalog.Label.Eyelash,Ресницы
Feature.Catalog.Label.Filter.Creator,Автор
Feature.Catalog.Label.Filter.Hide,Скрыть
Feature.Chat.Action.MuteVoice,Отключить звук
Feature.Chat.Action.UnmuteVoice,Включить звук
Feature.Chat.Heading.PartyWithConnections,Создать команду с контактами
Feature.Chat.Heading.PartyWithFriends,Создать команду с друзьями
Feature.Chat.Label.Details,Подробности
Feature.Chat.Label.GroupName,Имя группы
Feature.Chat.Label.ReplyingToOthers,В ответ {DISPLAY_NAME}
Feature.Chat.Message.MessageUnavailable,Сообщение недоступно
Feature.DisplayName.ErrorMessage.SomethingWentWrong,
Feature.DynamicUI.Translation.Reporting.IllegalContentEUBody,"Чтобы сообщить о незаконном контенте в соответствии с определением Закона о цифровых услугах (ЕС), посети: https://www.roblox.com/illegal-content-reporting"
Feature.FaceChat.Subtitle.FeatureDisabled,Анимация лица временно недоступна. Повтори попытку позже.
Feature.FaceChat.Subtitle.UnableToAccessCamera,"Чтобы анимировать аватар с помощью камеры, перейди в настройки операционной системы, чтобы разрешить использование камеры"
Feature.Friends.Action.Block,
Feature.Friends.Action.FriendRequestSent,Запрос дружбы отправлен
Feature.Friends.Action.Unblock,Разблокировать
Feature.Friends.Action.Unfriend,Удалить из друзей
Feature.Friends.Error.UnblockTargetBlockedOnPlatform,Этот пользователь заблокирован на другой платформе.
Feature.Friends.Error.UserBannedError,Невозможно выполнить эту операцию в связи с блокировкой.
Feature.Friends.Error.UserBlockedError,
Feature.Friends.Label.Cancel,
Feature.Friends.Label.Followers,Подписчики
Feature.Friends.Label.Following,Подписки
Feature.Friends.Label.FollowsYou,Подписчик
Feature.Friends.Label.Friend,Друг
Feature.Friends.Label.MutualFriends,Общие друзья:
Feature.Friends.Label.YouAreFollowing,Подписка
Feature.GameDetails.Label.Camera,Камера
Feature.GameDetails.Label.NotSupported,Не поддерживается
Feature.GameDetails.Label.Supported,Поддерживается
Feature.GameDetails.Label.VoiceChat,Голосовой чат
Feature.GamepadDisconnect.Label.Message,"Контроллер для пользователя ""%s"" был отключён. Нажми '%s' на контроллере, который хочешь использовать."
Feature.GamepadDisconnect.Label.MessageGeneric,Контроллер для пользователя «%s» был отключён. Подключи контроллер.
Feature.GamepadDisconnect.Label.Title,Отсутствующий контроллер
Feature.Groups.Action.Close,
Feature.Groups.Action.Follow,Подписаться
Feature.Groups.Action.JoinGroup,Присоединиться к сообществу
Feature.Groups.Description.PremiumMaxGroups,Ты состоишь в максимальном количестве сообществ.
Feature.Groups.Description.RequiresAccountTenureTooltipOneDay,Невозможно присоединиться. Для вступления в это сообщество аккаунт должен быть создан не менее 1 дня назад.
Feature.Groups.Description.RequiresAccountTenureTooltipOneMonth,Невозможно присоединиться. Для вступления в это сообщество аккаунт должен быть создан не менее 30 дней назад.
Feature.Groups.Description.RequiresAccountTenureTooltipOneWeek,Невозможно присоединиться. Для вступления в это сообщество аккаунт должен быть создан не менее 7 дней назад.
Feature.Groups.Description.RequiresAccountTenureTooltipThreeDays,Невозможно присоединиться. Для вступления в это сообщество аккаунт должен быть создан не менее 3 дней назад.
Feature.Groups.Description.RequiresAccountTenureTooltipThreeMonths,Невозможно присоединиться. Для вступления в это сообщество аккаунт должен быть создан не менее 90 дней назад.
Feature.Groups.Heading.Followers,
Feature.Groups.Heading.Members,Участники
Feature.Groups.Heading.SocialMedia,Соцсети
Feature.Groups.Label.ByOwnerWithFormat,Автор: {ownerName}
Feature.Groups.Message.BannedFromGroup,Тебя заблокировали в этом сообществе.
Feature.Groups.Message.GroupClosed,Вы не можете вступить в закрытое коммьюнити.
Feature.Groups.Modal.ContentTextHigh,"Подтверди свой аккаунт, чтобы присоединиться к сообществу.

1. Перейди в Информация об аккаунте > Подтвердить возраст
2. Заверши процесс проверки"
Feature.Groups.Modal.ContentTextLow,"Подтверди свой аккаунт, чтобы вступить в сообщество.

1. Перейди к Информации об аккаунте
2. Выбери способ подтверждения:
    - Добавить номер телефона 
    - Добавить эл. почту
    - Подтвердить возраст
3. Звершить процесс проверки"
Feature.Groups.Modal.ContentTextMedium,"Подтверди свой аккаунт, чтобы вступить в сообщество.

1. Перейди к Информации об аккаунте
2. Выбери способ подтверждения:
    - Добавить номер телефона И Добавить эл. почту
    - Подтвердить возраст
3. Звершить процесс проверки"
Feature.InExperienceIntervention.Action.LetUsKnow,Расскажи нам
Feature.InExperienceIntervention.Action.Understand,Понятно
Feature.InExperienceIntervention.Description.BeRespectful,"В будущем, пожалуйста, следуй правилам и относись с уважением к другим пользователям."
Feature.InExperienceIntervention.Description.CannotSend,Ты не можешь отправлять сообщения в текстовом чате в течение {number} мин.
Feature.InExperienceIntervention.Description.CannotSend1Min,Ты не можешь отправлять сообщения в текстовом чате в течение 1 мин.
Feature.InExperienceIntervention.Description.CantUsePartyChat,"Ты не можешь отправлять сообщения сейчас. Если ты нарушишь правила снова, ты можешь потерять доступ к аккаунту."
Feature.InExperienceIntervention.Description.ChatDisabled,Из-за неоднократных нарушений Правил сообщества Roblox мы временно отключили возможность отправлять сообщения в чате.
Feature.InExperienceIntervention.Description.ChatIncludes,Текстовый чат включает:
Feature.InExperienceIntervention.Description.Disclaimer,Мы ошиблись? {startLink}Расскажи нам{endLink}
Feature.InExperienceIntervention.Description.FeedbackHelps,Твой отзыв поможет нам улучшить системы.
Feature.InExperienceIntervention.Description.LoseAccess,"Если это произойдет снова, ты можешь потерять доступ к своему аккаунту."
Feature.InExperienceIntervention.Description.MayLoseAccess,"Если ты снова нарушишь правила, ты можешь потерять доступ к своему аккаунту."
Feature.InExperienceIntervention.Description.Mistake,Мы ошиблись?
Feature.InExperienceIntervention.Description.PartyChatMayBeSuspended,Передача личной информации запрещена в Roblox. Действие чата может быть приостановлено при нарушении правил.
Feature.InExperienceIntervention.Description.TextChatMayBeSuspended,"Использование текстового чата может быть приостановлено, если ты снова нарушишь правила."
Feature.InExperienceIntervention.Heading.CannotChat,Ты не можешь отправлять чаты в течение {number} мин.
Feature.InExperienceIntervention.Heading.ChatBreaksRules,Текстовый чат нарушает правила
Feature.InExperienceIntervention.Heading.ChatSuspended,Использование чата приостановлено на {number} мин.
Feature.InExperienceIntervention.Heading.DontSharePersonalInformation,Не делись личной информацией
Feature.InExperienceIntervention.Heading.PartyChatSuspended,Действие чата приостановлено на {remainingTime}
Feature.InExperienceIntervention.Heading.TakeALook,Мы разберёмся
Feature.InExperienceIntervention.Heading.TextChatSuspension,Приостановка чата
Feature.Landing.Label.InvitedBy,Приглашение от {name}
Feature.Notifications.Action.PushUpsellAllow,Разрешить
Feature.Notifications.Action.PushUpsellNotNow,
Feature.Notifications.Heading.PushUpsellChat,Оставайся на связи
Feature.Notifications.Heading.PushUpsellGeneric,Не пропусти
Feature.Notifications.Heading.TurnOnNotifications,Включить уведомления
Feature.Notifications.Label.GetUpdatesFromExperience,"Получать обновления из плейса {experienceName}, когда ты не в сети?"
Feature.Notifications.Label.PushUpsellGeneric,"Получай уведомления о событиях, таких как сообщения в чате, приглашения, запросы в друзья и многое другое."
Feature.Notifications.Label.ReceiveActivityUpdates,Получай обновления об активности во время своего отсутствия
Feature.Notifications.Response.NotificationsEnabled,Уведомления отключены для этого плейса
Feature.Notifications.Response.NotificationsEnabledForExperience,Уведомления включены для плейса {experienceName}
Feature.Notifications.Webview.Title.PolicyUpdate,Обновление политики
Feature.Profile.Action.Accept,Принять
Feature.Profile.Action.Chat,
Feature.Profile.Action.JoinGame,Присоединиться
Feature.Profile.Action.Pending,Запрос отправлен
Feature.Profile.Heading.Statistics,Статистика
Feature.ReportAbuse.Action.Close,
Feature.ReportAbuse.Action.ContinueReport,Продолжить
Feature.ReportAbuse.Action.EnterChatLineReporting,Жалоба на нарушение
Feature.ReportAbuse.Action.ErrorModalGoBack,
Feature.ReportAbuse.Action.ReturnToExperience,Вернуться в плейс
Feature.ReportAbuse.Action.Submit,Отправить
Feature.ReportAbuse.Action.TextMute,Блокировать чаты от: {name}
Feature.ReportAbuse.DSAIllegal.ReportLink,Сообщи о незаконном контенте в соответствии с Законом о цифровых услугах (ЕС).
Feature.ReportAbuse.DSAIllegal.ReportPageTitle,Сообщить о незаконном контенте
Feature.ReportAbuse.Heading.ReportAbuse,Сообщить о нарушении
Feature.ReportAbuse.Label.CategoryBullyingV2,"Агрессивное поведение, травля, дискриминация"
Feature.ReportAbuse.Label.CategoryContent,"Недопустимый контент: место, изображение, модель"
Feature.ReportAbuse.Label.CategoryDating,Флирт
Feature.ReportAbuse.Label.CategoryInappropriate,Недопустимые выражения: ругательства и материалы для взрослых
Feature.ReportAbuse.Label.CategoryOther,Другое нарушение правил
Feature.ReportAbuse.Label.CategoryPrivateInfo,Просьба предоставить личную информацию
Feature.ReportAbuse.Label.CategoryScamming,"Мошенничество, спекуляция, скам"
Feature.ReportAbuse.Label.CategoryTheft,"Кража аккаунта: фишинг, взлом, продажа"
Feature.ReportAbuse.Label.CategoryThreats,"Угрозы в реальной жизни, угроза самоубийства"
Feature.ReportAbuse.Label.ChooseOne,Выбери вариант
Feature.ReportAbuse.Label.FinishChatReport,Закончить отчёт
Feature.ReportAbuse.Label.Optional,Необязательно
Feature.ReportAbuse.Label.PleaseSelectOne,Выбери причину
Feature.ReportAbuse.Label.Report,Пожаловаться
Feature.ReportAbuse.Label.ReportSubmitted,Отчёт отправлен
Feature.ReportAbuse.Label.SelectChatLine,Выбери чат
Feature.ReportAbuse.Label.SentInAnotherChat,Отправлено в другой чат
Feature.ReportAbuse.Label.SentPrivately,Отправлено лично
Feature.ReportAbuse.Label.TellUsWhatHappened,"Расскажи нам, что произошло. (Необязательное поле)"
Feature.ReportAbuse.Label.TellUsWhatHappenedNoOptional,"Расскажи, что случилось:"
Feature.ReportAbuse.Label.UserTextMuted,Мы заблокировали чаты от {name}
Feature.ReportAbuse.Label.UserTextMutedError,Не удалось заблокировать чаты от {name}
Feature.ReportAbuse.Label.WhatWasWrong,Что случилось?
Feature.ReportAbuse.Label.WhereDidItHappen,Где это случилось?
Feature.ReportAbuse.Message.ChatLineReportingInfoText,"Твоё сообщение будет содержать все сообщения в этом канале, включая те, которые ты выбираешь."
Feature.ReportAbuse.Message.ErrorSubmit,При отправке жалобы произошла ошибка.
Feature.ReportAbuse.Message.OSACopy1,"Мы рассмотрим сообщение и примем соответствующие меры. Мы не передаём информацию пользователям, о которых ты сообщаешь."
Feature.ReportAbuse.Message.OSACopy2,"Пользователь или контент, о которых ты сообщаешь, не будут заблокированы автоматически. Если ты хочешь ограничить взаимодействие с пользователем, его можно заблокировать."
Feature.ReportAbuse.Message.OSACopy3,Ты также можешь сообщить о незаконном контенте в соответствии с Законом о безопасности в интернете (Online Safety Act) Великобртании.
Feature.ReportAbuse.Message.Success,Жалоба отправлена.
Feature.ReportAbuse.Message.ThankYouReport,"Спасибо! Мы используем отчёт, чтобы сделать Roblox интересным и безопасным местом для всех."
Feature.ReportAbuse.Message.UserTextMuted,Ты не будешь получать от них текстовые чаты в этом плейсе.
Feature.ReportAbuse.Message.UserTextMutedErrorDoesNotExist,"Мы не смогли найти: {name}. Возможно, пользователь вышел из плейса."
Feature.ReportAbuse.Message.UserTextMutedErrorSelf,Ты не можешь блокировать чаты от себя.
Feature.ReportAbuse.Message.UserTextMutedSystem,Пользователь ‘{name}был заглушен. '/unmute {name}' для отмены.
Feature.ReportAbuse.Problem.Bullying,Травля
Feature.ReportAbuse.Problem.Cheating,Обман
Feature.ReportAbuse.Problem.Dating,Знакомства/секс
Feature.ReportAbuse.Problem.Hate,Ненависть
Feature.ReportAbuse.Problem.Links,"Ссылки, ведущие за пределы Roblox"
Feature.ReportAbuse.Problem.Personal,Личная информация
Feature.ReportAbuse.Problem.Scamming,Мошенничество
Feature.ReportAbuse.Problem.Spamming,Спам
Feature.ReportAbuse.Problem.Swearing,Ненормативная лексика
Feature.ReportAbuse.Problem.Violence,Насилие
Feature.ReportAbuse.ProblemDescription.Bullying,"Травля, издевательство или угрозы"
Feature.ReportAbuse.ProblemDescription.Cheating,Нарушение правил или использование уязвимости
Feature.ReportAbuse.ProblemDescription.Dating,"Свидания, романтика или секс"
Feature.ReportAbuse.ProblemDescription.Hate,"Ненависть, оскорбления или дискриминация"
Feature.ReportAbuse.ProblemDescription.Links,Ссылки на веб-сайт или приложение за пределами Roblox
Feature.ReportAbuse.ProblemDescription.Personal,Просьба предоставить личную информацию или её распространение
Feature.ReportAbuse.ProblemDescription.Scamming,Мошенничество или поддельная торговля
Feature.ReportAbuse.ProblemDescription.Spamming,Отправка спама или повторяющихся сообщений
Feature.ReportAbuse.ProblemDescription.Swearing,"Ненормативна лексика, мат, ругательства"
Feature.ReportAbuse.ProblemDescription.Violence,Экстремальное насилие или гор
Feature.Screentime.Description.HeartbeatConsecutiveFailure,Внутренняя ошибка. Повтори попытку.
Feature.SettingsHub.Action.CancelSearch,
Feature.SettingsHub.Action.InviteFriend,Пригласить
Feature.SettingsHub.Action.NotNow,
Feature.SettingsHub.Action.Ok,Ок
Feature.SettingsHub.Action.OpenSettings,Открой настройки
Feature.SettingsHub.Description.ContactsPermissionIOS,"Чтобы связаться с друзьями, разреши Roblox доступ к контактам."
Feature.SettingsHub.Description.QRCodeCameraPermissionAndroidDeeplinkNotSupported,"1. Перейди в Настройки > Разрешения
2. Камеру
3. Разрешить Roblox доступ к камере"
Feature.SettingsHub.Label.ConnectionsListLoadErrorMessage,Не удаётся загрузить друзей. Повтори попытку.
Feature.SettingsHub.Label.FriendsListLoadErrorMessage,
Feature.SettingsHub.Label.InviteSearchNoResults,Нет результатов
Feature.SettingsHub.Label.Invited,Приглашено
Feature.SettingsHub.Label.Moderated,Проверено
Feature.SettingsHub.Label.NoConnectionsPageMessage,"Добавляй друзей, чтобы можно было исследовать Roblox вместе."
Feature.SettingsHub.Label.NoConnectionsScreen,"Найди друзей, чтобы играть вместе с ними!"
Feature.SettingsHub.Label.NoFriendsPageMessage,
Feature.SettingsHub.Label.NoFriendsScreen,
Feature.SettingsHub.Label.ReportComment,Объясни своими словами произошедшее
Feature.SettingsHub.Label.Sending,Отправка
Feature.SettingsHub.Prompt.NeedContactsAccess,Нужен доступ к контактам
Feature.SettingsHub.Prompt.RestartOnMicAccessChange,"Необходимо перезапустить приложение, чтобы применить изменения доступа к микрофону."
Feature.SettingsHub.Prompt.Subtitle.AllowMicrophoneAccess,"Чтобы использовать голосовой чат, разреши Roblox доступ к микрофону."
Feature.SocialShare.Action.CopyLink,Скопировать ссылку
Feature.SocialShare.Action.Share,Поделиться
Feature.SocialShare.Label.Copied,Скопировано
Feature.SocialShare.Label.CopyLinkToShareWithPeople,"Скопировать, чтобы поделиться с людьми, которых ты знаешь"
Feature.SocialShare.ShareWithPeopleYouKnow,"Поделиться с людьми, которых ты знаешь"
Feature.SongDetails.Label.InappropriateAudio,Недопустимое аудио
Feature.Squads.Action.Join,
Feature.Squads.Action.VoiceErrorGeneral,Подключиться
Feature.Squads.Action.VoiceErrorPartyNotVoiceEligible,
Feature.Squads.Action.VoiceErrorUserIneligible,Подробнее
Feature.Squads.Label.Party,Команда
Feature.Squads.Label.UserDropdownMenuVoiceErrorUserIneligible,В настоящее время у них нет доступа к голосовому чату
Feature.Squads.Label.VoiceErrorGeneral,Нет подключения к голосу
Feature.Squads.Label.VoiceErrorPartyNotVoiceEligible,Голос не доступен в этой команде. Ты можешь создать новую группу с помощью голосового чата и ослабленных фильтров.
Feature.Squads.Label.VoiceErrorUserIneligible,В настоящее время у тебя нет доступа к голосовому чату команды
Feature.Subscription.Error.GenericSubscribeError,Что-то пошло не так при попытке подписаться. Повтори попытку позже.
Feature.Subscription.Message.MonthlySpendRestrictionsMonthlyLimitExceed,"Достигнут месячный лимит на покупку, установленный в родительском контроле. Ты не сможешь совершить новую покупку до следующего месяца."
Feature.Subscription.Text.DisclaimerTextMonthly,Обновляется ежемесячно. Можно отменить в любое время.
Feature.Subscription.Text.PerMonth,в месяц
Feature.Subscription.Text.Subscribed,Есть подписка
Feature.Toast.NetworkingError.SomethingIsWrong,Что-то пошло не так. Повтори попытку.
Feature.VerificationUpsell.Action.EditPhoneNumber,Изменить номер телефона
IAPExperience.BuyRobux.Alert.SuccessfulMessage,Успешная покупка Robux!
IAPExperience.BuyRobux.Banner.Text,Robux позволяет покупать обновления для аватара или специальные способности в плейсах
IAPExperience.BuyRobux.Banner.Title,Разблокировать Roblox
IAPExperience.BuyRobux.Text.MoreRobux2,Ещё Robux: {robux}
IAPExperience.InsufficientRobux.Action.BuyRobux,Купить Robux
IAPExperience.InsufficientRobux.Action.Cancel,
IAPExperience.InsufficientRobux.Action.RobuxStore,Перейти в магазин Robux
IAPExperience.InsufficientRobux.Text.CurrentBalance,Текущий баланс
IAPExperience.InsufficientRobux.Text.DontHaveEnough,У вас не хватает Robux для покупки.
IAPExperience.InsufficientRobux.Text.YouNeed,Необходимо ещё {robux}. Приобрети пакет Robux и возвращайся в плейс.
IAPExperience.InsufficientRobux.Title.InsufficientRobux,Недостаточно Robux
IAPExperience.LeaveRoblox.Action.Cancel,
IAPExperience.LeaveRoblox.Action.Continue,
IAPExperience.LeaveRoblox.Text.ExternalWebsiteWarning,"Нажав «Продолжить», ты перейдёшь на сайт, не принадлежащий Roblox. Он регулируется другими Условиями использования и другой Политикой конфиденциальности."
IAPExperience.LeaveRoblox.Title.LeavingRoblox,Ты покидаешь Roblox
IAPExperience.Loading.Text.PurchasingItem,Покупка предмета...
IAPExperience.Loading.Text.PurchasingRobux,Покупка Robux...
IAPExperience.Loading.Text.WaitingForPurchase,Ожидание покупки...
IAPExperience.Loading.Text.WaitingForRobux,Ожидание получения Robux...
IAPExperience.PurchasePrompt.Action.Buy,Купить
IAPExperience.PurchasePrompt.Title.BuyItemV2,
IAPExperience.PurchasePrompt.Title.BuyRobuxAndItem,Купить Robux и предмет
IAPExperience.SubscriptionPurchasePrompt.Label.GetSubscription,
InGame.CommonUI.Button.KeepPlaying,Продолжить играть
InGame.CommonUI.Button.Retry,Повторить
InGame.ConnectionError.Action.Restart,Перезапустить
InGame.ConnectionError.Heading.VRDisconnected,Наушники отключены
InGame.ConnectionError.Joining,Подключение к серверу
InGame.ConnectionError.Message.RestartApp,"Чтобы продолжить играть, перезапусти приложение."
InGame.ConnectionError.PlacelaunchGameEnded,"Этот плейс закрылся, или сервер стал недоступен из-за ошибки системы"
InGame.ConnectionError.PlacelaunchHttpError,Произошла ошибка Http. Закрой клиент и попробуй снова.
InGame.ConnectionError.Queue,Место в очереди: {POSITION}
InGame.EmotesMenu.ErrorMessageAnimationPlaying,Во время этого действия эмоции недоступны.
InGame.EmotesMenu.ErrorMessageNotSupported,Здесь нельзя использовать эмоции.
InGame.EmotesMenu.ErrorMessageSwitchToR15,"Переключись на аватара R15, чтобы использовать эмоции."
InGame.EmotesMenu.ErrorMessageTemporarilyUnavailable,Невозможно использовать эмоции прямо сейчас.
InGame.InspectMenu.Action.Cancel,
InGame.InspectMenu.Action.Confirm,
InGame.InspectMenu.Action.LimitReached,Достигнуто максимальное количество предметов
InGame.InspectMenu.Action.SoldOut,Продано
InGame.InspectMenu.Action.TryOn,Примерить
InGame.InspectMenu.Label.Avatar,Аватар игрока {PLAYER_NAME}
InGame.InspectMenu.Label.OwnedItems,Существующий предмет ({QUANTITY})
InGame.InspectMenu.Label.VerifiedAvatar,Аватар пользователя {PLAYER_NAME}{VERIFIED_BADGE}
InGame.UnknownNamespace.GameChat_ChatCommandsTeller_MuteCommand,/mute <пользователь> : игнорировать пользователя.
InGame.UnknownNamespace.GameChat_ChatCommandsTeller_TeamCommand,/team <message> или /t <message> : отправить групповое сообщение команде.
InGame.UnknownNamespace.GameChat_ChatCommandsTeller_UnMuteCommand,/unmute <speaker>: перестать игнорировать пользователя.
InGame.UnknownNamespace.GameChat_ChatCommandsTeller_WhisperCommand,/whisper <speaker> или /w <speaker> : открыть канал для личной переписки с пользователем.
InGame.UnknownNamespace.GameChat_FriendChatNotifier_JoinMessage,Твой контакт {RBX_NAME} присоединяется к плейсу.
InGame.UnknownNamespace.GameChat_PrivateMessaging_CannotWhisperToSelf,Нельзя отправлять себе личные сообщения.
InGame.UnknownNamespace.GameChat_TeamChat_NowInTeam,Ты теперь в команде {RBX_NAME}.
Notifications.NotificationStream.Bundle.ShowLess,Свернуть
Notifications.NotificationStream.Bundle.ShowMoreV2,Ещё {notificationCount}
Notifications.ToastNotifications.Label.LeaveExperienceConfirmation,Действительно выйти и присоединиться к другому плейсу?
Notifications.ToastNotifications.Title.LeavingExperience,Выход из плейса
Roblox.ReferralRewards.AdditionalCreatorTerms,Дополнительные Условия для авторов
Roblox.ReferralRewards.Expires,Срок действия истекает
Roblox.ReferralRewards.ReferralProgramTerms,Условия реферальной программы
Roblox.ReferralRewards.RewardBannerBody,Пригласи друзей и ты получишь в награду {rewardName} от {gameName}. Применимы Условия Roblox.
Roblox.ReferralRewards.RewardBannerHeader,Получить: {rewardName}!
Roblox.ReferralRewards.RewardBannerModalCreatorSupport,Эта награда предоставлена {creatorName}. Свяжись с автором напрямую для получения помощи и более подробной информации.
Roblox.ReferralRewards.RewardBannerModalRewardDetails,Подробности о награде
Roblox.ReferralRewards.RewardBannerModalTitle,Награда за приглашение друзей
Verification.Identity.Action.SkipVoiceChat,Присоединиться без голосового чата
Verification.Identity.Heading.V2LetsChat,Поболтаем?
Verification.Identity.Label.DontShowAgain,Больше не показывать
Verification.Identity.Label.EnableVoiceChat,Включить голосовой чат
Verification.Identity.Label.LearnMoreAboutVoiceRecording,Подробнее о голосовой записи
Verification.Identity.Label.UsesVoiceChat,Это плейс с голосовым чатом. Включение голосового чата будет использовать микрофон в таких плейсах.
